id,observed_on,place_guess,latitude,longitude,place_county_name,place_state_name,scientific_name,common_name
328362,2013-03-23,"Miami-Dade County, Florida",25.373809,-80.47863,Miami-Dade,Florida,Salvator merianae,Argentine Black-and-white Tegu
553742,2014-03-01,"Florida, US",25.3097996016,-80.5301695153,Miami-Dade,Florida,Salvator merianae,Argentine Black-and-white Tegu
2635238,2015-09-18,"SW 424th St, Homestead, FL, US",25.3724833333,-80.4833666667,Miami-Dade,Florida,Salvator merianae,Argentine Black-and-white Tegu
2635245,2015-09-10,"18584 SW 424th St, Homestead, FL, US",25.3747033333,-80.4636383333,Miami-Dade,Florida,Salvator merianae,Argentine Black-and-white Tegu
5788291,2017-04-17,"Navy Wells Park, Homestead, FL, US",25.4366593715,-80.5054237415,Miami-Dade,Florida,Salvator merianae,Argentine Black-and-white Tegu
10369035,2018-03-20,"Miami-Dade County, FL, USA",25.406963607,-80.5228295177,Miami-Dade,Florida,Salvator merianae,Argentine Black-and-white Tegu
13250411,2010-03-28,"Miami-Dade County, FL, USA",25.435111,-80.47701,Miami-Dade,Florida,Salvator merianae,Argentine Black-and-white Tegu
14321101,2018-07-13,"20901–21099 SW 392nd St, Homestead, FL, US",25.4037283333,-80.5304116667,Miami-Dade,Florida,Salvator merianae,Argentine Black-and-white Tegu
14394734,2018-07-15,"818 Pennsylvania Ave, Altamonte Springs, FL, US",28.6509242486,-81.3631854049,Seminole,Florida,Salvator merianae,Argentine Black-and-white Tegu
16131637,2017-04-19,"1501 Weedon Dr NE, St. Petersburg, FL 33702, USA",27.8547903532,-82.6117389277,Pinellas,Florida,Salvator merianae,Argentine Black-and-white Tegu
22680459,2019-04-18,"37500–37998 SW 217th Ave, Homestead, FL, US",25.4190033333,-80.5417716667,Miami-Dade,Florida,Salvator merianae,Argentine Black-and-white Tegu
24895766,2019-05-10,"20869 SW 392nd St, Homestead, FL 33034, USA",25.4037380219,-80.5301971436,Miami-Dade,Florida,Salvator merianae,Argentine Black-and-white Tegu
25424785,2019-05-10,"30607–31399 SW 392nd St, Homestead, FL, US",25.4037216667,-80.5302583333,Miami-Dade,Florida,Salvator merianae,Argentine Black-and-white Tegu
30570623,2018-05-01,"33500 SW 192nd Ave, Homestead, FL, US",25.4557753577,-80.5018701868,Miami-Dade,Florida,Salvator merianae,Argentine Black-and-white Tegu
33562989,2019-09-28,"Florida, US",25.6899492148,-80.3041247938,Miami-Dade,Florida,Salvator merianae,Argentine Black-and-white Tegu
35315497,2013-06-08,"Miami-Dade County, FL, USA",25.4433193751,-80.5015445888,Miami-Dade,Florida,Salvator merianae,Argentine Black-and-white Tegu
37576623,2020-01-13,"Miami-Dade County, FL, USA",25.4471606587,-80.5025125897,Miami-Dade,Florida,Salvator merianae,Argentine Black-and-white Tegu
37593739,2020-01-14,"Miami-Dade County, FL, USA",25.4471650309,-80.5022849123,Miami-Dade,Florida,Salvator merianae,Argentine Black-and-white Tegu
39623142,2020-03-06,"Short Key, Homestead, FL, US",25.452895978,-80.4587728059,Miami-Dade,Florida,Salvator merianae,Argentine Black-and-white Tegu
39803194,2020-03-10,"Short Key, Homestead, FL, US",25.42682167,-80.50170833,Miami-Dade,Florida,Salvator merianae,Argentine Black-and-white Tegu
40041262,2020-03-15,"Isla Dorada, Miami, FL, US",25.6272111195,-80.3948126821,Miami-Dade,Florida,Salvator merianae,Argentine Black-and-white Tegu
41120163,2015-08-14,"Miami-Dade County, FL, USA",25.3913684944,-80.5053478088,Miami-Dade,Florida,Salvator merianae,Argentine Black-and-white Tegu
41772517,2020-03-16,"SW 232nd Ave, Homestead, FL, US",25.3842256479,-80.5657037394,Miami-Dade,Florida,Salvator merianae,Argentine Black-and-white Tegu
47297525,2020-04-11,"Everglades National Park, Homestead, FL, US",25.3829516348,-80.5937735511,Miami-Dade,Florida,Salvator merianae,Argentine Black-and-white Tegu
48949439,2020-06-08,"Isla Dorada, Miami, FL, US",25.67348667,-80.40686167,Miami-Dade,Florida,Salvator merianae,Argentine Black-and-white Tegu
52312783,2020-07-07,"Everglades National Park, Homestead, FL, US",25.4118881312,-80.6476404177,Miami-Dade,Florida,Salvator merianae,Argentine Black-and-white Tegu
56236509,2020-08-12,"Short Key, Homestead, FL, US",25.45578833,-80.50212833,Miami-Dade,Florida,Salvator merianae,Argentine Black-and-white Tegu
56236736,2020-08-12,"Short Key, Homestead, FL, US",25.45573833,-80.50212833,Miami-Dade,Florida,Salvator merianae,Argentine Black-and-white Tegu
57679318,2020-08-26,"Short Key, Homestead, FL, US",25.45569167,-80.50202167,Miami-Dade,Florida,Salvator merianae,Argentine Black-and-white Tegu
59598239,2020-09-14,"Short Key, Homestead, FL, US",25.4556984874,-80.5020929408,Miami-Dade,Florida,Salvator merianae,Argentine Black-and-white Tegu
61693860,2017-01-17,"Port Charlotte, FL, USA",26.9861073989,-82.0996028515,Charlotte,Florida,Salvator merianae,Argentine Black-and-white Tegu
63613595,2020-10-26,"Miami-Dade County, FL, USA",25.5516034,-80.6326916,Miami-Dade,Florida,Salvator merianae,Argentine Black-and-white Tegu
65439833,2020-02-24,"41364–41398 SW 232nd Ave, Homestead, FL, US",25.3981485433,-80.5659205397,Miami-Dade,Florida,Salvator merianae,Argentine Black-and-white Tegu
67633348,2020-05-24,"Putnam County, FL, USA",29.5717065383,-81.8778747503,Putnam,Florida,Salvator merianae,Argentine Black-and-white Tegu
70792773,2021-03-05,"Short Key, Homestead, FL, US",25.4703783333,-80.3776166667,Miami-Dade,Florida,Salvator merianae,Argentine Black-and-white Tegu
72558317,2021-03-31,"Short Key, Homestead, FL, US",25.418925,-80.5416716667,Miami-Dade,Florida,Salvator merianae,Argentine Black-and-white Tegu
75082810,2021-04-24,"Short Key, Homestead, FL, US",25.4561583333,-80.501595,Miami-Dade,Florida,Salvator merianae,Argentine Black-and-white Tegu
75931026,2021-04-30,"Miami-Dade County, US-FL, US",25.4681706866,-80.5135743649,Miami-Dade,Florida,Salvator merianae,Argentine Black-and-white Tegu
77196862,2021-05-03,"Short Key, Homestead, FL, US",25.4705916667,-80.3780133333,Miami-Dade,Florida,Salvator merianae,Argentine Black-and-white Tegu
77645518,2019-04-06,"Short Key, Homestead, FL, US",25.428971672,-80.5020533333,Miami-Dade,Florida,Salvator merianae,Argentine Black-and-white Tegu
77646074,2019-04-26,"Short Key, Homestead, FL, US",25.4288033333,-80.501945,Miami-Dade,Florida,Salvator merianae,Argentine Black-and-white Tegu
77646757,2019-05-02,"Short Key, Homestead, FL, US",25.4292924048,-80.5019101441,Miami-Dade,Florida,Salvator merianae,Argentine Black-and-white Tegu
77652812,2020-09-10,"Short Key, Homestead, FL, US",25.4286633333,-80.50158,Miami-Dade,Florida,Salvator merianae,Argentine Black-and-white Tegu
78849018,2021-05-15,"Short Key, Homestead, FL, US",25.4470092555,-80.502413439,Miami-Dade,Florida,Salvator merianae,Argentine Black-and-white Tegu
80058512,2021-05-22,"Miami-Dade County, FL, USA",25.4472633333,-80.5023583333,Miami-Dade,Florida,Salvator merianae,Argentine Black-and-white Tegu
80862362,2021-05-29,"Martin County, FL, USA",27.1754809763,-80.2302908823,Martin,Florida,Salvator merianae,Argentine Black-and-white Tegu
82802091,2021-06-11,"Cemetery Rd, Geneva, FL, US",28.7369709355,-81.1076163449,Seminole,Florida,Salvator merianae,Argentine Black-and-white Tegu
85000243,2021-06-29,"Short Key, Homestead, FL, US",25.4288533333,-80.5018466667,Miami-Dade,Florida,Salvator merianae,Argentine Black-and-white Tegu
86069372,2021-07-07,"River Close Blvd, Valrico, FL, US",27.8671916667,-82.24273,Hillsborough,Florida,Salvator merianae,Argentine Black-and-white Tegu
87603730,2021-07-18,"Flamingo, FL 33034, USA",25.4476200202,-80.5017590895,Miami-Dade,Florida,Salvator merianae,Argentine Black-and-white Tegu
88529403,2021-04-26,"25227 NW 210th Ln, High Springs, FL 32643, USA",29.8519897,-82.6116325,Alachua,Florida,Salvator merianae,Argentine Black-and-white Tegu
89498686,2014-04-07,"Miami-Dade County, FL, USA",25.4037503234,-80.5585173384,Miami-Dade,Florida,Salvator merianae,Argentine Black-and-white Tegu
90689892,2021-08-10,"Miami-Dade County, US-FL, US",25.5609892493,-80.2266556173,Miami-Dade,Florida,Salvator merianae,Argentine Black-and-white Tegu
91765524,2021-05-21,"Flamingo, FL 33034, USA",25.4475161779,-80.5017855763,Miami-Dade,Florida,Salvator merianae,Argentine Black-and-white Tegu
92047670,2021-08-21,"Miami-Dade County, FL, USA",25.4631362322,-80.3778175441,Miami-Dade,Florida,Salvator merianae,Argentine Black-and-white Tegu
102137849,2021-11-26,"SW 86th Ln, Miami, FL, US",25.6869026957,-80.4057202117,Miami-Dade,Florida,Salvator merianae,Argentine Black-and-white Tegu
103786486,2021-03-11,"Miami-Dade County, US-FL, US",25.2355709148,-80.4102265049,Miami-Dade,Florida,Salvator merianae,Argentine Black-and-white Tegu
104317615,2012-08-22,"Florida, US",25.319761253,-80.4423067513,Miami-Dade,Florida,Salvator merianae,Argentine Black-and-white Tegu
104317666,2012-08-11,"Florida, US",25.3242151996,-80.4258037306,Miami-Dade,Florida,Salvator merianae,Argentine Black-and-white Tegu
104317843,2012-08-11,"Miami-Dade County, US-FL, US",25.4723018651,-80.4204078961,Miami-Dade,Florida,Salvator merianae,Argentine Black-and-white Tegu
107239256,2014-05-07,"Florida, US",25.346820639,-80.5694620429,Miami-Dade,Florida,Salvator merianae,Argentine Black-and-white Tegu
107700959,2022-02-27,"Old Card Sound Rd, Homestead, FL, US",25.404475,-80.4541866667,Miami-Dade,Florida,Salvator merianae,Argentine Black-and-white Tegu
107704544,2022-03-01,"SW 237th Ave, Homestead, FL, US",25.395025,-80.5735866667,Miami-Dade,Florida,Salvator merianae,Argentine Black-and-white Tegu
108466882,2022-03-11,"SW 312th St, Homestead, FL, US",25.4792228917,-80.5552815089,Miami-Dade,Florida,Salvator merianae,Argentine Black-and-white Tegu
108552955,2022-03-12,"Miami-Dade County, FL, USA",25.4356866667,-80.5015766667,Miami-Dade,Florida,Salvator merianae,Argentine Black-and-white Tegu
108552956,2022-03-12,"Miami-Dade County, FL, USA",25.4356933333,-80.5015883333,Miami-Dade,Florida,Salvator merianae,Argentine Black-and-white Tegu
113645987,2022-04-29,"Homestead, FL, US",25.4190083333,-80.5592883333,Miami-Dade,Florida,Salvator merianae,Argentine Black-and-white Tegu
115503149,2022-04-30,"Miami-Dade County, FL, USA",25.3925909999,-80.689392,Miami-Dade,Florida,Salvator merianae,Argentine Black-and-white Tegu
121686972,2022-06-13,"Florida City, FL 33034, USA",25.3871610907,-80.44288259,Miami-Dade,Florida,Salvator merianae,Argentine Black-and-white Tegu
121687430,2022-06-13,"Miami-Dade County, US-FL, US",25.3833145154,-80.4404005408,Miami-Dade,Florida,Salvator merianae,Argentine Black-and-white Tegu
122957700,2020-11-28,"Collier County, US-FL, US",26.0699801672,-81.2760506276,Collier,Florida,Salvator merianae,Argentine Black-and-white Tegu
123134529,2022-06-23,"Lake Placid, Everglades, FL, US",25.8536843526,-81.381956411,Collier,Florida,Salvator merianae,Argentine Black-and-white Tegu
123850081,2022-06-28,"Picos Rd, Fort Pierce, FL, US",27.4331964844,-80.4357080399,Saint Lucie,Florida,Salvator merianae,Argentine Black-and-white Tegu
125342823,2022-07-08,"SW 192nd Ave, Homestead, FL, US",25.393545,-80.500075,Miami-Dade,Florida,Salvator merianae,Argentine Black-and-white Tegu
128620239,2022-07-30,"Champions Way, Port Saint Lucie, FL, US",27.2976165378,-80.4195385141,Saint Lucie,Florida,Salvator merianae,Argentine Black-and-white Tegu
129165723,2022-08-02,"Florida, US",26.8153929726,-81.8628609809,Charlotte,Florida,Salvator merianae,Argentine Black-and-white Tegu
130319400,2022-08-07,"Miami-Dade County, US-FL, US",25.3295682494,-80.4075785477,Miami-Dade,Florida,Salvator merianae,Argentine Black-and-white Tegu
132057830,2022-08-23,"SE 12th Rd, Homestead, FL, US",25.4439038,-80.4602237,Miami-Dade,Florida,Salvator merianae,Argentine Black-and-white Tegu
132997563,2022-05-19,"Old Dixie Hwy, Homestead, FL, US",25.3843633333,-80.4412383333,Miami-Dade,Florida,Salvator merianae,Argentine Black-and-white Tegu
133020066,2022-08-29,"Fort Pierce, FL 34945, USA",27.4240248713,-80.4155535623,Saint Lucie,Florida,Salvator merianae,Argentine Black-and-white Tegu
139805239,2022-10-23,"Florida, US",28.6338576103,-81.3634762846,Orange,Florida,Salvator merianae,Argentine Black-and-white Tegu
146052235,2022-10-24,"Florida, US",28.7098139897,-81.3101760195,Orange,Florida,Salvator merianae,Argentine Black-and-white Tegu
150499291,2021-06-13,"Hialeah, FL, USA",25.8655254297,-80.2686944969,Miami-Dade,Florida,Salvator merianae,Argentine Black-and-white Tegu
150865398,2023-03-11,"Everglades National Park, Homestead, FL, US",25.40235,-80.615845,Miami-Dade,Florida,Salvator merianae,Argentine Black-and-white Tegu
152143300,2023-03-24,Homestead,25.3931274414,-80.5008544922,Miami-Dade,Florida,Salvator merianae,Argentine Black-and-white Tegu
152536111,2023-03-25,"Fort Pierce, FL, US",27.4339063885,-80.4440256899,Saint Lucie,Florida,Salvator merianae,Argentine Black-and-white Tegu
152781682,2022-08-03,"Miami-Dade County, US-FL, US",25.5437807814,-80.4848114804,Miami-Dade,Florida,Salvator merianae,Argentine Black-and-white Tegu
153625079,2023-04-05,"Everglades National Park, Homestead, FL, US",25.4624977838,-80.6256506464,Miami-Dade,Florida,Salvator merianae,Argentine Black-and-white Tegu
156067311,2023-04-22,"SW Ninth Ln, Miami, FL, US",25.7575520889,-80.435117653,Miami-Dade,Florida,Salvator merianae,Argentine Black-and-white Tegu
156095932,2023-04-22,"Miami-Dade County, US-FL, US",25.3680492371,-80.4428488947,Miami-Dade,Florida,Salvator merianae,Argentine Black-and-white Tegu
157300058,2023-04-28,"Homestead, FL, US",25.469655,-80.3468033333,Miami-Dade,Florida,Salvator merianae,Argentine Black-and-white Tegu
157789366,2023-04-29,"SW 192nd Ave, Homestead, FL, US",25.39318569,-80.5011212412,Miami-Dade,Florida,Salvator merianae,Argentine Black-and-white Tegu
158366055,2023-04-30,"Miami-Dade County, FL, USA",25.4713759948,-80.3957526242,Miami-Dade,Florida,Salvator merianae,Argentine Black-and-white Tegu
159262782,2023-05-01,"Homestead, FL, US",25.4484904876,-80.4378452689,Miami-Dade,Florida,Salvator merianae,Argentine Black-and-white Tegu
161145937,2023-05-11,"Florida, US",27.5711253512,-80.5453021348,St. Lucie,Florida,Salvator merianae,Argentine Black-and-white Tegu
161145938,2023-05-11,"Florida, US",27.5527669219,-80.4541100092,St. Lucie,Florida,Salvator merianae,Argentine Black-and-white Tegu
161888003,2023-04-14,"Miami-Dade County, US-FL, US",25.590768549,-80.4514880889,Miami-Dade,Florida,Salvator merianae,Argentine Black-and-white Tegu
169606187,2023-06-23,"Homestead, FL, US",25.3605916667,-80.5539333333,Miami-Dade,Florida,Salvator merianae,Argentine Black-and-white Tegu
174562518,2023-07-03,"Homestead, FL 33030, USA",25.5060039551,-80.5410165712,Miami-Dade,Florida,Salvator merianae,Argentine Black-and-white Tegu
175795718,2023-06-04,"SW 192nd Ave, Homestead, FL, US",25.3931116667,-80.5008083333,Miami-Dade,Florida,Salvator merianae,Argentine Black-and-white Tegu
177265407,2023-08-07,"SE 12th Ave, Homestead, FL, US",25.4482666667,-80.4600616667,Miami-Dade,Florida,Salvator merianae,Argentine Black-and-white Tegu
185039682,2023-09-26,"Homestead, FL, USA",25.4489519,-80.4432687997,Miami-Dade,Florida,Salvator merianae,Argentine Black-and-white Tegu
186453778,2022-03-10,"Florida City, FL 33034, USA",25.3991749808,-80.57014402,Miami-Dade,Florida,Salvator merianae,Argentine Black-and-white Tegu
186480339,2023-09-27,"Everglades National Park, Homestead, FL, US",25.38378,-80.6186533333,Miami-Dade,Florida,Salvator merianae,Argentine Black-and-white Tegu
192674494,2016-05-29,"Miami-Dade County, FL, USA",25.45303333,-80.54208333,Miami-Dade,Florida,Salvator merianae,Argentine Black-and-white Tegu
201067010,2024-03-02,"SW 344th St, Homestead, FL, US",25.44683,-80.50177,Miami-Dade,Florida,Salvator merianae,Argentine Black-and-white Tegu
202120800,2024-03-11,"Miami-Dade County, FL, USA",25.3418861111,-80.4135194444,Miami-Dade,Florida,Salvator merianae,Argentine Black-and-white Tegu
202359737,2024-03-13,"Florida City, FL, USA",25.4334222222,-80.4730055556,Miami-Dade,Florida,Salvator merianae,Argentine Black-and-white Tegu
203089383,2024-03-19,"Busway & SW 344 St, Florida City, FL 33034, USA",25.4478855292,-80.4792238399,Miami-Dade,Florida,Salvator merianae,Argentine Black-and-white Tegu
204511065,2024-03-29,"SW 192nd Ave, Homestead, FL, US",25.4268283333,-80.5016166667,Miami-Dade,Florida,Salvator merianae,Argentine Black-and-white Tegu
204633325,2023-04-30,"Miami-Dade County, FL, USA",25.4350705732,-80.4163865747,Miami-Dade,Florida,Salvator merianae,Argentine Black-and-white Tegu
205572338,2024-04-04,"SW 209th Ave, Homestead, FL, US",25.4045658103,-80.5288427141,Miami-Dade,Florida,Salvator merianae,Argentine Black-and-white Tegu
206256239,2024-03-20,"SW 192nd Ave, Homestead, FL, US",25.4535966667,-80.501555,Miami-Dade,Florida,Salvator merianae,Argentine Black-and-white Tegu
206514821,2019-10-17,"Homestead, FL, US",25.461275,-80.5623633333,Miami-Dade,Florida,Salvator merianae,Argentine Black-and-white Tegu
209162367,2024-04-24,"SW 344th St, Homestead, FL, US",25.4474966667,-80.5020616667,Miami-Dade,Florida,Salvator merianae,Argentine Black-and-white Tegu
212053122,2024-04-23,"Miami-Dade County, FL, USA",25.4045916111,-80.5580266667,Miami-Dade,Florida,Salvator merianae,Argentine Black-and-white Tegu
215937665,2024-05-15,"SW 167th Ave, Miami, FL, US",25.7195201329,-80.4633157392,Miami-Dade,Florida,Salvator merianae,Argentine Black-and-white Tegu
217222458,2024-05-21,"Miami-Dade County, US-FL, US",25.4171867597,-80.4625753686,Miami-Dade,Florida,Salvator merianae,Argentine Black-and-white Tegu
217615464,2024-05-22,"Florida City, FL 33034, USA",25.4313710913,-80.4717357829,Miami-Dade,Florida,Salvator merianae,Argentine Black-and-white Tegu
218194048,2024-05-25,"Homestead, FL, USA",25.4483417672,-80.4575348273,Miami-Dade,Florida,Salvator merianae,Argentine Black-and-white Tegu
220059047,2024-05-31,"Miami-Dade County, FL, USA",25.4858916667,-80.3635027778,Miami-Dade,Florida,Salvator merianae,Argentine Black-and-white Tegu
220349451,2021-09-03,"Jacksonville University, Jacksonville, FL, US",30.3582242614,-81.6100492865,Duval,Florida,Salvator merianae,Argentine Black-and-white Tegu
220498518,2024-06-04,"SW 344th St, Homestead, FL, US",25.4474916667,-80.5020833333,Miami-Dade,Florida,Salvator merianae,Argentine Black-and-white Tegu
220953075,2024-06-06,"SW 192nd Ave, Homestead, FL, US",25.39355,-80.5011883333,Miami-Dade,Florida,Salvator merianae,Argentine Black-and-white Tegu
221381205,2024-06-08,"SW 344th St, Homestead, FL, US",25.447475,-80.5020216667,Miami-Dade,Florida,Salvator merianae,Argentine Black-and-white Tegu
221496932,2024-06-06,"Miami-Dade County, FL, USA",25.4706555556,-80.3763805556,Miami-Dade,Florida,Salvator merianae,Argentine Black-and-white Tegu
221496979,2024-06-04,"Miami-Dade County, FL, USA",25.4696444444,-80.3672638889,Miami-Dade,Florida,Salvator merianae,Argentine Black-and-white Tegu
223756064,2024-06-18,"Biscayne National Park, Homestead, FL, US",25.47003,-80.3406666667,Miami-Dade,Florida,Salvator merianae,Argentine Black-and-white Tegu
224580146,2024-06-19,"Punta Gorda, FL, US",26.9624216667,-81.8839716667,Charlotte,Florida,Salvator merianae,Argentine Black-and-white Tegu
225302956,2024-06-23,"Ingraham Hwy, Homestead, FL, US",25.4040333333,-80.5284416667,Miami-Dade,Florida,Salvator merianae,Argentine Black-and-white Tegu
226561692,2024-07-01,"Homestead, FL, USA",25.4416705895,-80.4530598968,Miami-Dade,Florida,Salvator merianae,Argentine Black-and-white Tegu
227379373,2024-07-04,"Florida City, FL 33034, USA",25.4474358997,-80.5020494,Miami-Dade,Florida,Salvator merianae,Argentine Black-and-white Tegu
228286476,2024-06-01,"Miami-Dade County, FL, USA",25.3935444444,-80.5009,Miami-Dade,Florida,Salvator merianae,Argentine Black-and-white Tegu
232923281,2024-07-31,"SW 344th St, Homestead, FL, US",25.4474739963,-80.5018061959,Miami-Dade,Florida,Salvator merianae,Argentine Black-and-white Tegu
232923745,2024-07-31,"SW 344th St, Homestead, FL, US",25.4474866667,-80.501975,Miami-Dade,Florida,Salvator merianae,Argentine Black-and-white Tegu
234200142,2024-08-06,"Oaks Ln, Pompano Beach, FL, US",26.22445,-80.1730116667,Broward,Florida,Salvator merianae,Argentine Black-and-white Tegu
234602870,2024-08-07,"Florida City, FL 33034, USA",25.3936333333,-80.5003027778,Miami-Dade,Florida,Salvator merianae,Argentine Black-and-white Tegu
234608029,2024-07-24,"Miami-Dade County, FL, USA",25.4475991667,-80.5024532778,Miami-Dade,Florida,Salvator merianae,Argentine Black-and-white Tegu
235382892,2024-08-12,"Florida City, FL, USA",25.4424511076,-80.4742449895,Miami-Dade,Florida,Salvator merianae,Argentine Black-and-white Tegu
236142657,2013-09-08,"Miami-Dade County, FL, USA",25.4008333333,-80.4688333333,Miami-Dade,Florida,Salvator merianae,Argentine Black-and-white Tegu
236142678,2013-02-08,"Miami-Dade County, FL, USA",25.3483333333,-80.4928333333,Miami-Dade,Florida,Salvator merianae,Argentine Black-and-white Tegu
236142679,2013-02-08,"Miami-Dade County, FL, USA",25.3823333333,-80.493,Miami-Dade,Florida,Salvator merianae,Argentine Black-and-white Tegu
236658049,2024-08-17,"Redland, FL 33031, USA",25.5173222222,-80.5453194444,Miami-Dade,Florida,Salvator merianae,Argentine Black-and-white Tegu
237242763,2013-08-11,"Miami-Dade County, FL, USA",25.36750372,-80.4887489732,Miami-Dade,Florida,Salvator merianae,Argentine Black-and-white Tegu
240465915,2024-09-07,"SE First Ave, Florida City, FL, US",25.4417193732,-80.4742326024,Miami-Dade,Florida,Salvator merianae,Argentine Black-and-white Tegu
247462336,2024-10-14,"SW 377th St, Homestead, FL, US",25.41797,-80.506675,Miami-Dade,Florida,Salvator merianae,Argentine Black-and-white Tegu
254114366,2019-07-25,"Canal 111 E, Homestead, FL, US",25.3995083333,-80.5232783333,Miami-Dade,Florida,Salvator merianae,Argentine Black-and-white Tegu
254114413,2019-07-25,"Southern Glades Trail, Homestead, FL, US",25.3711283333,-80.5375533333,Miami-Dade,Florida,Salvator merianae,Argentine Black-and-white Tegu
255752231,2018-01-09,"Florida City, FL 33034, USA",25.4470991111,-80.5023812222,Miami-Dade,Florida,Salvator merianae,Argentine Black-and-white Tegu
263338717,2025-02-27,"Ingraham Hwy, Homestead, FL, US",25.4084811048,-80.5236219137,Miami-Dade,Florida,Salvator merianae,Argentine Black-and-white Tegu
264568003,2025-03-08,"Florida City, FL, USA",25.4440777778,-80.4728583333,Miami-Dade,Florida,Salvator merianae,Argentine Black-and-white Tegu
265126417,2025-03-12,"SW 344th St, Homestead, FL, US",25.4466853887,-80.5022595075,Miami-Dade,Florida,Salvator merianae,Argentine Black-and-white Tegu
266047801,2025-03-17,"Miami-Dade County, FL, USA",25.3446228831,-80.8241539528,Miami-Dade,Florida,Salvator merianae,Argentine Black-and-white Tegu
267946935,2025-03-31,"SW 296th St, Homestead, FL, US",25.4920166667,-80.5296333333,Miami-Dade,Florida,Salvator merianae,Argentine Black-and-white Tegu
268081716,2025-03-16,"SW 160th Ave, Miami, FL, US",25.59798225,-80.45116865,Miami-Dade,Florida,Salvator merianae,Argentine Black-and-white Tegu
268403124,2025-04-01,"Florida City, FL 33034, USA",25.3930750484,-80.5002992973,Miami-Dade,Florida,Salvator merianae,Argentine Black-and-white Tegu
268462139,2025-04-03,"Homestead Base, FL, USA",25.4869555556,-80.4093666667,Miami-Dade,Florida,Salvator merianae,Argentine Black-and-white Tegu
269332331,2025-04-08,"SW 344th St, Homestead, FL, US",25.4469783333,-80.5019,Miami-Dade,Florida,Salvator merianae,Argentine Black-and-white Tegu
269332425,2025-04-08,"SW 344th St, Homestead, FL, US",25.4469166667,-80.5019133333,Miami-Dade,Florida,Salvator merianae,Argentine Black-and-white Tegu
269332531,2025-04-08,"SW 344th St, Homestead, FL, US",25.4472716667,-80.5018166667,Miami-Dade,Florida,Salvator merianae,Argentine Black-and-white Tegu
270060167,2025-04-12,"Florida City, FL 33034, USA",25.3961423171,-80.501242429,Miami-Dade,Florida,Salvator merianae,Argentine Black-and-white Tegu
270061898,2025-04-12,"SW 344th St, Homestead, FL, US",25.4469280534,-80.5019203575,Miami-Dade,Florida,Salvator merianae,Argentine Black-and-white Tegu
270294858,2025-04-13,"SW 192nd Ave, Homestead, FL, US",25.39607,-80.5012883333,Miami-Dade,Florida,Salvator merianae,Argentine Black-and-white Tegu
270295059,2025-04-13,"SW 192nd Ave, Homestead, FL, US",25.39378,-80.5008616667,Miami-Dade,Florida,Salvator merianae,Argentine Black-and-white Tegu
272546028,2025-04-23,"SW 344th St, Homestead, FL, US",25.447,-80.5025116667,Miami-Dade,Florida,Salvator merianae,Argentine Black-and-white Tegu
278163610,2025-05-03,"SW 192nd Ave, Homestead, FL, US",25.3934033333,-80.5002583333,Miami-Dade,Florida,Salvator merianae,Argentine Black-and-white Tegu
279263626,2019-04-11,"Southern Glades Trail, Homestead, FL, US",25.4018833333,-80.55873,Miami-Dade,Florida,Salvator merianae,Argentine Black-and-white Tegu
279266438,2019-04-23,"Miami-Dade County, US-FL, US",25.38727,-80.525575,Miami-Dade,Florida,Salvator merianae,Argentine Black-and-white Tegu
283425335,2025-05-23,"SW 344th St, Homestead, FL, US",25.447436672,-80.5025716667,Miami-Dade,Florida,Salvator merianae,Argentine Black-and-white Tegu
283923443,2025-05-24,"Plantation Lakes Dr, Port Saint Lucie, FL, US",27.3140104,-80.43561255,Saint Lucie,Florida,Salvator merianae,Argentine Black-and-white Tegu
284066353,2025-05-25,"Homestead, FL 33034, USA",25.393591,-80.4997180997,Miami-Dade,Florida,Salvator merianae,Argentine Black-and-white Tegu
284585316,2025-05-23,"SW 344th St, Homestead, FL, US",25.4469366667,-80.5024866667,Miami-Dade,Florida,Salvator merianae,Argentine Black-and-white Tegu
284863857,2025-05-28,"SW 192nd Ave, Homestead, FL, US",25.39355,-80.5007383333,Miami-Dade,Florida,Salvator merianae,Argentine Black-and-white Tegu
285657014,2025-05-31,"SW 344th St, Homestead, FL, US",25.4472822534,-80.5018430803,Miami-Dade,Florida,Salvator merianae,Argentine Black-and-white Tegu
287164567,2025-06-05,"SE First Ave, Florida City, FL, US",25.44282,-80.4731216667,Miami-Dade,Florida,Salvator merianae,Argentine Black-and-white Tegu
287374598,2025-06-06,"SW 192nd Ave, Homestead, FL, US",25.3932434762,-80.5015828567,Miami-Dade,Florida,Salvator merianae,Argentine Black-and-white Tegu
288029356,2025-06-01,"Homestead, FL, US",25.3884075709,-80.4698095153,Miami-Dade,Florida,Salvator merianae,Argentine Black-and-white Tegu
289660883,2025-06-14,"SW 344th St, Homestead, FL, US",25.446848861,-80.5018610693,Miami-Dade,Florida,Salvator merianae,Argentine Black-and-white Tegu
290244876,2025-06-16,"SW 344th St, Homestead, FL, US",25.4472,-80.5020833333,Miami-Dade,Florida,Salvator merianae,Argentine Black-and-white Tegu
292110186,2025-06-23,"SW 344th St, Homestead, FL, US",25.4474054969,-80.5020843734,Miami-Dade,Florida,Salvator merianae,Argentine Black-and-white Tegu
292364709,2025-06-24,"Homestead, FL 33034, USA",25.3937972222,-80.5008111111,Miami-Dade,Florida,Salvator merianae,Argentine Black-and-white Tegu
292501179,2025-06-24,"Homestead, FL 33034, USA",25.4470027778,-80.5020833333,Miami-Dade,Florida,Salvator merianae,Argentine Black-and-white Tegu
294401019,2025-07-01,"SW 344th St, Homestead, FL, US",25.447571672,-80.502555,Miami-Dade,Florida,Salvator merianae,Argentine Black-and-white Tegu
294481105,2025-07-01,"SW 344th St, Homestead, FL, US",25.4474553622,-80.5025623033,Miami-Dade,Florida,Salvator merianae,Argentine Black-and-white Tegu
296803713,2025-07-10,"Central Florida Zoo & Botanical Gardens, Sanford, FL, US",28.825705,-81.3131333333,Seminole,Florida,Salvator merianae,Argentine Black-and-white Tegu
297479391,2025-05-31,"SW 344th St, Homestead, FL, US",25.4471606858,-80.5024220689,Miami-Dade,Florida,Salvator merianae,Argentine Black-and-white Tegu
298227323,2025-07-15,Homestead,25.495426178,-80.3957748413,Miami-Dade,Florida,Salvator merianae,Argentine Black-and-white Tegu
304750195,2025-08-08,"Florida, US",28.470947913,-81.2110389151,Orange,Florida,Salvator merianae,Argentine Black-and-white Tegu
307835802,2025-08-20,United States,25.8633471787,-80.3137838989,Broward,Florida,Salvator merianae,Argentine Black-and-white Tegu
312277939,2025-09-07,"Technological Ave, Orlando, FL, US",28.59937,-81.2204366667,Orange,Florida,Salvator merianae,Argentine Black-and-white Tegu
312441468,2025-06-28,"SW 194th Ave, Homestead, FL, US",25.4662336845,-80.5057730833,Miami-Dade,Florida,Salvator merianae,Argentine Black-and-white Tegu
313913768,2025-09-14,"SE 24th Ct, Homestead, FL, US",25.449741171,-80.4425723873,Miami-Dade,Florida,Salvator merianae,Argentine Black-and-white Tegu
320896416,2025-10-14,"Miami, FL 33174, USA",25.755417,-80.3727049997,Miami-Dade,Florida,Salvator merianae,Argentine Black-and-white Tegu
321641213,2025-03-28,"Miami-Dade County, FL, USA",25.4467076016,-80.5018992637,Miami-Dade,Florida,Salvator merianae,Argentine Black-and-white Tegu
321641214,2025-03-28,"Miami-Dade County, FL, USA",25.4468570258,-80.5018625004,Miami-Dade,Florida,Salvator merianae,Argentine Black-and-white Tegu
325957709,2025-11-06,"Frog Pond Wildlife Management Area, 39801 SW 237th Ave, Homestead, FL 33034, USA",25.3957121,-80.5651824,Miami-Dade,Florida,Salvator merianae,Argentine Black-and-white Tegu
331761139,2025-12-22,"Homestead, FL 33035, USA",25.4479444,-80.395835,Miami-Dade,Florida,Salvator merianae,Argentine Black-and-white Tegu
339978606,2026-02-23,"SW 344th St, Homestead, FL, US",25.447205,-80.5025116667,Miami-Dade,Florida,Salvator merianae,Argentine Black-and-white Tegu
340482094,2026-02-27,"Miami-Dade County, US-FL, US",25.3957464569,-80.4450404271,Miami-Dade,Florida,Salvator merianae,Argentine Black-and-white Tegu
340600830,2026-02-27,United States,27.5312022538,-80.2471821298,St. Lucie,Florida,Salvator merianae,Argentine Black-and-white Tegu
340653305,2026-02-28,"Homestead, FL 33030, USA",25.4039797997,-80.5585554,Miami-Dade,Florida,Salvator merianae,Argentine Black-and-white Tegu
341565533,2026-03-06,"Florida, US",27.4230866682,-80.427406862,St. Lucie,Florida,Salvator merianae,Argentine Black-and-white Tegu
341877303,2026-03-07,"S Header Canal Rd, Port Saint Lucie, FL, US",27.3384206232,-80.4905743466,Saint Lucie,Florida,Salvator merianae,Argentine Black-and-white Tegu
343041561,2026-03-14,United States,28.5209954916,-81.2632433991,Orange,Florida,Salvator merianae,Argentine Black-and-white Tegu
343345589,2026-03-16,"SW 392nd St, Homestead, FL, US",25.4036883333,-80.530045,Miami-Dade,Florida,Salvator merianae,Argentine Black-and-white Tegu
343372987,2026-03-16,"Florida, US",28.7101904799,-81.39521304,Orange,Florida,Salvator merianae,Argentine Black-and-white Tegu
343645829,2026-03-18,"San Martin Blvd NE, Saint Petersburg, FL, US",27.8594806413,-82.6263976522,Pinellas,Florida,Salvator merianae,Argentine Black-and-white Tegu
343848432,2026-03-19,Homestead,25.4478416443,-80.4320144653,Miami-Dade,Florida,Salvator merianae,Argentine Black-and-white Tegu
344915507,2026-03-23,"Homestead, FL 33033, USA",25.4483889955,-80.3673200682,Miami-Dade,Florida,Salvator merianae,Argentine Black-and-white Tegu
345385501,2026-03-26,"Navy Wells Pineland Preserve, 35400 SW 192nd Ave, Homestead, FL 33034, USA",25.439557,-80.5063906,Miami-Dade,Florida,Salvator merianae,Argentine Black-and-white Tegu
345994056,2026-03-27,"SW 344th St, Homestead, FL, US",25.4468466667,-80.5022666667,Miami-Dade,Florida,Salvator merianae,Argentine Black-and-white Tegu
346517462,2026-03-31,"Homestead, FL, USA",25.4482630534,-80.4495807365,Miami-Dade,Florida,Salvator merianae,Argentine Black-and-white Tegu
346647405,2026-04-01,"Homestead, FL 33033, USA",25.4480108661,-80.389514342,Miami-Dade,Florida,Salvator merianae,Argentine Black-and-white Tegu
349097182,2026-04-11,"SW 344th St, Homestead, FL, US",25.44677,-80.50245,Miami-Dade,Florida,Salvator merianae,Argentine Black-and-white Tegu
349097624,2026-04-11,"SW 344th St, Homestead, FL, US",25.4467616667,-80.5024466667,Miami-Dade,Florida,Salvator merianae,Argentine Black-and-white Tegu
349571612,2026-04-12,"SW 344th St, Homestead, FL, US",25.4468930725,-80.5021891163,Miami-Dade,Florida,Salvator merianae,Argentine Black-and-white Tegu
350097462,2026-04-15,"Homestead, FL, USA",25.4481937247,-80.4142761603,Miami-Dade,Florida,Salvator merianae,Argentine Black-and-white Tegu
350097489,2026-04-15,"Miami-Dade County, US-FL, US",25.4482890895,-80.4101204127,Miami-Dade,Florida,Salvator merianae,Argentine Black-and-white Tegu
350183050,2026-04-15,"SW 137th Ave, Homestead, FL, US",25.47207,-80.41178,Miami-Dade,Florida,Salvator merianae,Argentine Black-and-white Tegu
350194648,2026-04-16,"Old Card Sound Rd, Homestead, FL, US",25.4125583333,-80.4595033333,Miami-Dade,Florida,Salvator merianae,Argentine Black-and-white Tegu
350391605,2026-04-16,"SW 344th St, Homestead, FL, US",25.4470116667,-80.5021833333,Miami-Dade,Florida,Salvator merianae,Argentine Black-and-white Tegu
350696929,2026-04-17,"Lokanotosa Trail, Orlando, FL, US",28.582955,-81.218605,Orange,Florida,Salvator merianae,Argentine Black-and-white Tegu
351802204,2026-04-04,"Miami-Dade County, US-FL, US",25.4983638519,-80.4538187131,Miami-Dade,Florida,Salvator merianae,Argentine Black-and-white Tegu
352307536,2026-04-23,"Homestead, FL 33033, USA",25.469939,-80.3711468,Miami-Dade,Florida,Salvator merianae,Argentine Black-and-white Tegu
354053936,2026-04-25,"Dagny Johnson Key Largo Hammock Botanical State Park, Key Largo, FL, US",25.2924142906,-80.3026287109,Monroe,Florida,Salvator merianae,Argentine Black-and-white Tegu
354054516,2025-03-04,"Dagny Johnson Key Largo Hammock Botanical State Park, Key Largo, FL, US",25.291638342,-80.3029633333,Monroe,Florida,Salvator merianae,Argentine Black-and-white Tegu
356159406,2026-04-27,"Homestead, FL, US",25.392395,-80.525722,Miami-Dade,Florida,Salvator merianae,Argentine Black-and-white Tegu
356608359,2026-04-29,"Homestead, FL 33034, USA",25.4041275,-80.5578962,Miami-Dade,Florida,Salvator merianae,Argentine Black-and-white Tegu
357030068,2026-04-30,"CR-74, Punta Gorda, FL, US",26.94695,-81.9558866667,Charlotte,Florida,Salvator merianae,Argentine Black-and-white Tegu
359347556,2026-05-07,"Florida, US",25.2233971145,-80.3979461622,Monroe,Florida,Salvator merianae,Argentine Black-and-white Tegu
359804136,2026-05-08,"SE 27 Rd, Homestead, FL, US",25.4482133333,-80.43557,Miami-Dade,Florida,Salvator merianae,Argentine Black-and-white Tegu
359963733,2026-05-08,"SE 27 Rd, Homestead, FL, US",25.44812,-80.435875,Miami-Dade,Florida,Salvator merianae,Argentine Black-and-white Tegu
360304287,2026-05-07,"Florida, US",27.5296861617,-80.5081779109,St. Lucie,Florida,Salvator merianae,Argentine Black-and-white Tegu
363174340,2026-02-15,"SW 344th St, Homestead, FL, US",25.4467883333,-80.50183,Miami-Dade,Florida,Salvator merianae,Argentine Black-and-white Tegu
365574518,2026-05-02,"SW 344th St, Homestead, FL, US",25.4474866667,-80.5021383333,Miami-Dade,Florida,Salvator merianae,Argentine Black-and-white Tegu
365663061,2026-05-02,"Homestead, FL, US",25.3937666667,-80.4992466667,Miami-Dade,Florida,Salvator merianae,Argentine Black-and-white Tegu
365663098,2026-05-02,"Homestead, FL, US",25.3937766667,-80.4990466667,Miami-Dade,Florida,Salvator merianae,Argentine Black-and-white Tegu
365925161,2026-05-23,"19200 SW 344th St, Homestead, FL 33034, USA",25.4474238,-80.5018612,Miami-Dade,Florida,Salvator merianae,Argentine Black-and-white Tegu
366664087,2026-05-30,"Homestead, FL 33034, USA",25.4467680556,-80.5023641667,Miami-Dade,Florida,Salvator merianae,Argentine Black-and-white Tegu
367293705,2026-05-31,"Homestead, FL 33034, USA",25.4301768896,-80.4710233212,Miami-Dade,Florida,Salvator merianae,Argentine Black-and-white Tegu
